-1.7879129648208618	North Korean diplomat defects to the U.K. and fears retaliation	Han Jin Myung was part of the Kim dictatorship elite. He now lives as a welfare recipient in the United Kingdom and fears for his family.
-1.413582444190979	Family values in Europe: Georgia is on one extreme. Norway is on the other.	Almost everyone in Georgia believes that adult children should be responsible for parents who need help. In Norway, more and more people respond negatively to this idea.
-1.007765293121338	Novartis head steps down, leaving company on track for growth	Jörg Reinhardt radically restructured Novartis. He has transformed the broad-based healthcare group into a pure pharmaceutical company. This week he heads the company's annual general meeting for the last time.
-1.0869247913360596	Controversial calories: How do we measure hunger?	Today, it seems obvious that food, and consequently hunger, is measured in calories. But how did this unit of measurement emerge, and why is it more controversial than one might expect?
-1.2593767642974854	Analysis: Trump 2.0 is in a state of permanent emergency | CNN Politics	Governing by emergency means an emergency every day.
0.8756129145622253	Expecting in Västerbotten? Early ultrasounds now available	Region Västerbotten has started offering early ultrasounds for pregnant women. Karin Gagner and Anton Lundmark in Skellefteå got to see their fetus when...
0.8090100288391113	«Psychedelic leadership:» Magic mushroom retreats for business leaders are trending	Psychedelic drugs are becoming increasingly popular in the business world. In specialized retreats, executives and managers hope to expand their creative potential and overcome mental blocks with the help of substances like psilocybin.
1.3536189794540405	The Nordic region could reap the benefits of a warmer climate	A warmer climate will pose a challenge to agriculture, fisheries and forestry in the Nordic region. But the region will also experience changes that may lead to increased sustainability and growth in production.
-1.7206499576568604	Inside Trump’s tariff retreat: How fears of a bond market catastrophe convinced Trump to hit the pause button | CNN Politics	President Donald Trump’s abrupt decision to reverse course on his sweeping tariff plan by announcing a three-month pause revealed his threshold for political pain: One week.
-1.8740016222000122	High levels of dangerous dust in the center of Skellefteå	Currently, the city center of Skellefteå has high levels of hazardous dust, far above the allowed limit. The probable cause is a combination of dry,...
-1.4650307893753052	Stupidity or spite? How Sweden's government is crippling Norrland	The Swedish government's latest proposal to hike the salary threshold for work permits is nothing short of an act of economic vandalism, says Norran...
-1.6158394813537598	Chinese launch racist humiliation campaign mocking Trump's tariffs	China released a video in retaliation to Vice President JD Vance 's comments that its economy is fueled by 'peasants.'
-1.3815938234329224	Jesus killed 2,000 pigs. God sent a woman back into slavery	Tens of thousands of confirmands in Norway will receive a completely new edition of the Bible this year. Many of the old stories do not align well with the values we hold dear today.
-0.616283655166626	Trump insists ‘China wants to make a deal’ as 90-day tariff pause for most countries sparks market surge – business live	US president raised tariffs on China to 125%; Trump says people were getting ‘a little bit afraid’ and suggests he could exempt hard-hit companies on instinct
-0.9529242515563965	'Threesome' teacher looks very different 11 years on	Shelley Dufresne, now 42, showed off a new look more than a decade after she pleaded guilty to obscenity in connection with her relationship to a student at Destrehan High.
-1.1461788415908813	Biden’s gamble in the chip war with China faces a reckoning	Four years ago, President Joe Biden backed Intel to cut U.S. reliance on foreign semiconductors. Now, with its CEO gone, the gamble may backfire.
0.7910583019256592	Ageless Christie Brinkley's diet and fitness regime revealed	Christie has been extremely candid about how she maintains her trim body and youthful appearance.
-0.017106708139181137	Pupils from elite schools still rule	The “Old Boys” club still controls the UK.
0.7294929623603821	From music to medicine: How sound influences cell behaviour	New research suggests that music can affect cells. The results may be a first step towards using music in the treatment of diabetes.
0.6772964000701904	Philosopher: If you want to be remembered in 100 years, you should consider this	In 100 years, everything will be forgotten. Or will it?
0.11941365897655487	Architecture affects our health, according to researchers	Buildings and urban spaces are more important for our well-being than we might be aware of.
-1.3428617715835571	Can't drink hot coffee? Then you have cat tongue	In Japan, this is a very common phenomenon. In Norway, we have no word for it.
0.3100036084651947	The genius behind the dress that left Lady Gaga fans speechless	Despite her own modest wardrobe, Beata "Bea" Szenfeld has dressed celebrities with far more extensive collections. She vividly remembers designing for...
0.9072960019111633	Trump's «bro whispering» strategy pays off	Although Generation Z has been viewed as largely left-leaning, voters under 30 showed surprisingly strong support for Donald Trump in the U.S. presidential election. This was especially true of young men, thanks to a conscious effort to appeal to them.
-0.5185158252716064	Finanzaufsicht testet Liquidität von EbAVs unter Stress	Wie es um die Liquidtät von Einrichtungen der betrieblichen Altersversorgung (EbAV) in Stressszenarien bestellt ist, prüft die europäische Aufsicht im aktuellen Stresstest 2025. Auch deutsche Pensionskassen und -fonds müssen Zahlungsflüsse und liquide Mittel offenlegen. Ergebnisse folgen laut Bafin im Dezember.
2.062629461288452	Education expansion in Skellefteå receives government boost	The government is allocating an additional 125 million Swedish kronor to municipal adult education programs across the country. A welcome addition for...
0.16179244220256805	Kristen Stewart cuts an edgy figure as she debuts her new blonde hair	The 34-year-old Twlight star looked worlds away from her usual self as she swapped her signature brunette locks for wavy blonde tresses.
-1.52121102809906	Triple tragedy – police investigate link in worker deaths	A third man has been found dead at his home following his shift at Northvolt. In light of this development, Norran can reveal that the police's...
1.0834845304489136	Harry Styles unveils plans for £30m super-mansion	EXCL: Harry Styles - who has reportedly split from actress girlfriend Taylor Russell - is restoring a former 18th century mansion back to its former glory with a modern makeover.
-1.7593085765838623	This is why humans are born completely helpless	“It leads to something very good,” an evolutionary scientist says.
0.9318414926528931	Theme park expert reveals what to expect from Universal Bedford	TikTok account, @Coastertog, has taken a much closer look at what the new attraction - set to open in Bedford in 2031 - will include.
1.6160649061203003	Northvolt’s Båtfors battery facility boosts grid stability	Skellefteå Kraft, in collaboration with Northvolt and Hitachi, has established a battery facility at the Båtfors power station. The facility is the...
-1.8797318935394287	Skellefteå choking on toxic air: municipality blames state	According to a report from Sverige Radio's Ekot, there are regularly dangerously high levels of PM10 particulate matter in Skellefteå, something that...
0.7508593797683716	Rising star: Skellefteå man lands shock lead role in Netflix film	Skellefteå man Niilá Omma is about to experience a major first: his acting debut in a Netflix film. The film is an adaptation of the award-winning novel...
1.173959493637085	From city life to wilderness bliss: one German family's adventure	Lapland Adventures is a brand-new venture in the tourism industry in Norsjö, led by Jennifer and Bastian Lutz. They relocated to Dragnäs in early...
-1.5204408168792725	Film dubbed 'most disturbing ever made' rebooted by Adolescence bosses	Warp Films were behind the Netflix series and have confirmed the remake, describing it as 'unflinchingly honest'.
-1.9083579778671265	Why are many early embryos lost?	New research on mice adds a piece to the puzzle.
-1.473500370979309	How ordering a burger at Disney World caused my divorce	Jubilee Dawn shared the shocking tale of her ex-husband strangling her - all because of a burger she ate at Disney World.
-0.36171042919158936	Greece sheds its crisis reputation with an economic comeback	Athens has pushed through sweeping reforms since the days of its debt crisis. The turnaround is remarkable – but deep-seated structural challenges remain.
-0.5988687872886658	CNN Exclusive: This Asian leader is taking a very different approach from China over Trump’s tariff war | CNN	South Korea will not follow China in fighting back against tariffs imposed by the United States, its leader told CNN in an exclusive interview on Tuesday, as he touted plans to try to secure a deal with President Donald Trump.
-1.6479628086090088	Why Swiss authorities have been sending innocent children to prison	Zurich's child protection services has been housing at-risk teens in prisons. The practice has triggered outrage. The Zurich government now wants to eliminate the practice, but it faces ongoing challenges.
-0.5197286605834961	Two glam drug mules turn to OnlyFans to make cash after avoiding jail	Sophie Bannister, 30, and Levi-April Whalley, 31, have posted a series of provocative pictures of themselves in an attempt to earn money from the online platform.
0.6252858638763428	Northvolt: German auto giants make 'secret' factory visit	At Monday's information meeting, Northvolt management said that there is a "very interesting actor" who made a "confidential" visit to the factory in...
0.5283529162406921	Politics, law and society in the High Middle Ages	How did the introduction of legislation as an instrument of governance affect politics, law and society in the High Middle Ages? Researchers at the Centre for Advanced Study (CAS) aim to give us the answers.
0.5097044110298157	The little-known Pretty Woman facts that will blow your mind	Here, MailOnline reveals 10 secrets of the iconic romcom that will blow your mind.
-1.9540454149246216	More pain at Northvolt as fresh job cuts announced	Northvolt is expected to announce further lay-offs in the coming months. According to information received by Norran, negotiations with trade unions...
-1.2048028707504272	Royal wedding dress that caused gasps - and one with daring neckline	From Queen Victoria and Albert, Diana and Charles to Meghan Markle and Prince Harry , we've compiled a timeline of Royal Weddings that have taken place across the globe since 1840.
-0.6483733057975769	Hit them where it hurts: Producers of fast fashion should pay the most	OPINION: How best to deal with the negative environmental impact of the clothing industry? The writers behind this opinion suggest a system in which those who sell large volumes of clothes that don't last pay the most.
1.1730209589004517	The Big Read: Cimberly's magic road to the Idol final	On Friday she is in the final. Norran has followed Cimberly Wanyonyi from Skellefteå from her first audition to the final - through all the ups and...
1.3844664096832275	Inside Princess Catharina-Amalia's glamorous new look	Dressed in a stunning red boho-patterned dress, a radiant Princess Catharina-Amalia of the Netherlands appeared fully in her element this week as she donated a garden of tulips to Madrid.
-0.9330114126205444	Should dogs be neutered?	It is against the law to neuter dogs in Norway, while in the USA nearly all male dogs are castrated. What is preferable practice for the dogs - and their owners?
-0.418027400970459	Woman, 21, told she has days left to live	For years, Dominique McShain dreamed of becoming a psychologist for troubled youth in her native New Zealand .She was on track until she was diagnosed with incurable colon cancer last year.
1.1436282396316528	Light summer make-up - step by step | Imakeyousmile.se	A colorful make-up does not have to mean eye shadow around the whole eye, here you see my version of a light summer make-up. :)
-1.2622816562652588	What did children eat as sweets in the old days?	Viking children chewed on plants. During World War II, children were not given any sweets at all.
0.12036889046430588	Mysterious underwater 'pyramid' reshapes history	A sunken 'pyramid' in the Pacific Ocean may rewrite everything we thought we knew about the ancient world.
0.447722464799881	Germany tells teachers to get children ready for WAR	The unprecedented move, confirmed in a statement to Handelsblatt newspaper, would see German schoolchildren taught how to respond in volatile war-like scenarios.
-0.5534820556640625	Where did the angels go?	'We are reluctant to talk too much about angels today,' says a researcher. But many believe that angels are still around us.
0.8250635266304016	Our ten-point guide to Swedish permanent residency	Whether you're an EU citizen or not, it's essential to understand the different types of Swedish residence permits and their requirements. This guide...
0.3570989966392517	Who we are	Springer Fachmedien Wiesbaden GmbH is the leading provider of classic and digital specialist media in the areas of economics, science, engineering and social studies in the German-speaking world.
-0.4724711775779724	Joe Rogan asks if de-extinction is 'playing god'	A genetic engineering company has brought the ancient dire wolf back from extinction. On a recent episode of his podcast, Joe Rogan asked the company's CEO he is 'playing God.'
-0.9808431267738342	Blizzard danger: A 70-point guide to winter driving in Skellefteå	Northern Swedes are accustomed to driving in snow and ice, but for newcomers the idea of driving in extreme wintry conditions can be daunting. With snow...
0.6489722728729248	Ex-Northvolt CEO's mysterious new startup surfaces	After stepping down as Northvolt's CEO following a 'tough' year, Peter Carlsson's next move emerges: a mysterious new venture firm.
0.3960791826248169	Nepo baby, 15, towers over his ex-superhero father on very rare outing	The teenager, now 15, was spotted taking a stroll with the star, who is best known for portraying a superhero, as they went to grab sushi together at Matsuhisa in Beverly Hills.
1.1454007625579834	How healthy and climate friendly is Norwegian farmed salmon?	Swedish researchers have assessed one of Norways most important export products, farmed salmon, in a new report.
-1.2184709310531616	Elon Musk tears into Trump's 'moron' trade adviser	Billionaire CEO of Tesla Elon Musk on Tuesday savaged President Donald Trump's trade advisor Peter Navarro after he criticized his car company.
0.27799373865127563	Warmer climate – fewer storms	Diminishing sea ice in the Arctic Ocean could mean fewer storms. Researchers have gained new insight into the relationship between climate change and storms caused by polar low-pressure systems.
-1.164931058883667	Menstrual art: Why do people still see red?	SHARE YOUR SCIENCE: Period blood in art is still often dismissed as a joke or “just activism”. Would that be the case if it wasn’t such a taboo?
-1.5248569250106812	The shocking moments Tube passengers brazenly smoke crack cocaine	The Tube's crime epidemic was laid bare this week after photos emerged of a 'dirty, scuffy-looking' male lighting a metal pipe on a carriage.
1.5585789680480957	Queen Camilla and King Charles enjoy glitzy evening reception	The King and Queen were in high spirits as they enjoyed a glitzy evening reception, after arriving in Italy for their four-day visit last night.
-0.3947611153125763	Northvolt production hiccups flag reliance on Chinese supplies	Documents obtained by Norran reveal that Northvolt is facing challenges in producing a crucial component of its lithium-ion batteries according to...
-2.3173441886901855	"I’ve definitely had much worse things in my mouth"	English newcomer Kate Haigh tackles Northern Sweden's "Worst Rated Foods," including blodpalt and a burger-pizza hybrid. Will she (or her dog) be brave...
0.772140622138977	80s makeup (Step by step) | Imakeyousmile.se	80s makeup (Step by step) | Helena Amiley - Here you will find the latest information about beauty, lifestyle, entrepreneurship, makeup & tips.
-0.419037401676178	Bill Gates-backed Norrland green transition project folds	Danish energy giant Ørsted is pulling out of its investment in a large e-methanol project in northern Sweden town Örnsköldsvik, a project in which...
-1.98663330078125	"We cry after work": Skellefteå nurses reveal hospital crisis	Overcrowding in Skellefteå Hospital's medicine-geriatrics department has reached crisis levels. Nurses are raising concerns about an unsustainable...
0.008235232904553413	How long does sex normally last before climaxing?	For sure not all night, in case you might have thought so.
-1.494561791419983	Wolves won’t save the forest	Wolves have returned to Norwegian forests in greater and greater numbers in recent years. Although wolves mainly prey on moose, researchers have found that the presence of more predators hasn’t cut back on the damage caused by hungry moose.
-1.220868468284607	Rosie O'Donnell cuts daughter from $80M estate before fleeing US	Rosie O' Donnell made the decision to cut her adopted daughter Chelsea out of her estate after a string of arrests for drug possession and child neglect.
0.23564308881759644	How was this ornamental stave church portal created nearly 1,000 years ago? The answers emerged when craftsmen carved a replica	“The person who carved the Urnes portal was incredibly skilled,” researcher says.
-0.39168640971183777	What is a pure tone?	Most of us can recognize when music is out of tune. Why can we hear this, and what exactly is a pure tone?
-0.7794871926307678	Doctor explains 'stimming' habit that could be a sign you're autistic	Appearing in a new Channel 5 documentary, which airs tonight, NHS GP Dr Claire Taylor explored some of the key symptoms of autism.
-0.8759012818336487	Tesla- und BYD-Batterien im Vergleich	Bislang gibt es nur sehr wenige detaillierte Daten und Analysen zu modernen Akkus für E-Autos. Forscher der RWTH Aachen haben jetzt aktuelle Antriebsbatterien von Tesla und BYD zerlegt und miteinander verglichen.
0.44898998737335205	Luxury hotels are redefining the Swiss Alps	The global elite is back in the Alps, and luxury resorts are taking over. But where does that leave Swiss winter sports fans?
-2.326585054397583	Vance’s posturing in Greenland was not just morally wrong. It was strategically disastrous | Timothy Snyder	Thanks to Trump’s administration, the US could soon have to fight wars to get things that, just a few weeks ago, were there for the asking, says professor Timothy Snyder of Yale University
-1.4077273607254028	Moment Delphi killer's wife learns he lied about day of murders	In newly-released video, Richard Allen's wife Kathy is seen tearfully confronting him about his changing story about the day that Abby Williams and Libby German were murdered.
-0.584615170955658	Inside the rise and fall of Brandon Williams ahead of sentencing	Living the high life as a home-grown Manchester United star, footballer Brandon Williams posted pictures showing him aboard a private jet, on exotic holidays and with expensive cars.
0.8934190273284912	Harry Styles given go ahead on £30million super-mansion	The singer, 31, is restoring a Grade II-listed former 18th century mansion back to its former glory after it was divided up into two semi-detached homes in the 1950's.
-0.9977484345436096	Test your survival skills with the 'Seven Days' challenge	If there is a prolonged power cut, how long before you can no longer pay with Swish? What food will you eat first? These are the questions posed in the...
-0.6797323226928711	E.A. Hanks talks about her relationship with stepmother Rita Wilson	E.A. Hanks' entire life changed at age 12 in 1994 when her late mother Samantha Lewes lost primary custody of her and brother Colin Hanks
-2.173689603805542	Global markets sink as Trump tariffs hit; China accuses US of ‘bullying’	The US president has nearly doubled duties on Chinese imports to 104 percent.
1.1636664867401123	Skellefteå urges government investment in automotive cluster	Create a world-class cluster – in collaboration with the automotive industry in Västra Götaland. Local and regional stakeholders have called on the...
-0.4867837131023407	Can salmon lice end up on your dinner plate?	Are there any parasites on the fish you buy in the store?
-0.14585594832897186	Kim Kardashian rumored to be dating hunky mystery man in her post	Over the weekend, the reality TV personality, 44, threw a SKIMS party in Los Angeles and shared a carousel of snapshots from the event.
-0.10651586204767227	Trump’s tariffs: the full list	US president Donald Trump yesterday produced a chart of all the new tariffs he was announcing, affecting trade with countries across the world. Here is the list as he displayed it
-1.4594835042953491	In New York City, antisemitic hate crimes are on the rise	New York is home to the largest number of Jewish people outside of Israel. In recent years, the city has seen an alarming spike in antisemitic incidents, with more than half of all reported hate crimes targeting Jews.
-0.14894548058509827	Where the Russians go on vacation forever	There used to be a Soviet military base near Nha Trang. Today, the Vietnamese coastal town has become a destination for Russian families who do not want to get sucked into Putin's war.
-1.5270068645477295	Bully boat captain, 40, gets life-ruining punishment	Brock Horner of Tarpon Coast Fishing Charters unleashed on Gage Towles, 22, on the water in Punta Gorda, Florida , after an earlier near-miss with a different vessel.
-1.0460816621780396	Is it right to destroy monuments over our dark past?	OPINION: Politicians, managers and researchers must be able to use their voices when cultural heritage contributes to discrimination, hatred and violence.
0.17682725191116333	Divorced TV star devours her new lover in steamy Cabo scenes	An off-duty celebrity took the concept of a public display of affection to a new level this week as she got handsy with her new boyfriend at a hotel bar in Cabo, Mexico.
-1.0911682844161987	Lonely in Sweden? You're not alone (but we can help)	A recent survey by Statistics Sweden reveals a concerning trend - a significant portion of the non-Swedish newcomer population lacks close friends. But...
-1.8200666904449463	Can vitamin D help against COPD?	Chronic obstructive pulmonary disease (COPD) patients with deficient levels of vitamin D displayed poorer lung functionality and more rapid deterioration of lung function in a three-year period, according to new research.
-1.5990989208221436	Tech’s Trump ties are starting to burn	Big tech bet on Trump – now tariffs are tanking stocks, IPOs are stalling, and Musk’s role in Washington may be ending
0.013964146375656128	Do women really have a better vocabulary than men?	Are women better at remembering words than men? Researchers in Bergen have now carried out a thorough review of studies on the topic.
-1.3402607440948486	Troubled actress who starred in iconic TV show looks unrecognizable	The troubled actress looked unrecognizable in a barefaced selfie she shared to Instagram on Monday.
-0.4210033714771271	This is how creatine works	However, you don't need to take supplements for this to happen inside your muscles.
-0.8091634511947632	I hear Mum's voice every Christmas. I feel so lucky: Kirsty MacColl's son relives the day she died in his first ever interview	Christmas is a difficult time for Louis Lillywhite, pictured. It is the anniversary of his mother's death, but the Fairytale of a New York reminds him
-0.7406319975852966	Trump confirms 104% tariffs on Chinese goods as part of unfolding global trade war	Beijing vows to ‘fight to the end’ as president claims ‘many’ countries are seeking a deal with US
-1.8170990943908691	China hammered with 104% tariffs as Beijing vows to 'fight to the end'	A rally in the US stock market was wiped out in minutes after the White House last night confirmed Mr Trump will follow through today on a threat to levy an additional 50 per cent tariff on China.
-1.0985348224639893	Why doesn’t all our air disappear into space?	ASK A RESEARCHER: The atmosphere may be leaking more than you think, but luckily we still have enough air down here.
0.7735857963562012	Chancen der deutschen Batterieforschung	In Deutschland treiben Firmen wie VW, BMW und BASF sowie Forschungsinstitute die Batterieforschung vielversprechend voran. Ein Fokus liegt auf der Feststoffbatterie.
-0.40201935172080994	The real reason King Charles had to move his wedding day to Camilla	Even before the formal announcement by Clarence House , diplomatic sources said the prime minister would be attending the funeral instead of the royal wedding.
0.052509941160678864	As many as 200,000 coral reefs off Norway	Researchers are surprised by the number.
0.8234618902206421	Live storage of bluefin tuna: Historic success in Norwegian waters	Researchers and fisheries joined forces in trapping and transporting live bluefin tuna in the 200-300 kilo weight class.
0.3876282274723053	Skellefteå's economic surge: a decade of positive change	Business prospects in Skellefteå have improved significantly over the past decade.\nBut Norsjö and Malå are seeing sharp declines in the national...
0.12959086894989014	How to Buy Clothes That Are Built to Last (Published 2019)	The environmental impact of our clothing choices extends far beyond our closets and buying fewer items that are more durable can lower the impact on the planet. Here’s what to look for when shopping for clothes.
-0.31887659430503845	Amplified global heating risk due to climate and carbon cycle feedbacks - Sonnenseite - Ökologische Kommunikation mit Franz Alt	Global heating over this millennium could exceed previous estimates due to carbon cycle feedback loops. This is the conclusion of a new study by the
-1.0347508192062378	In Germany, summer brings forced marriages	It is no longer a marginal phenomenon in major German cities. Especially during the summer vacations, cases of forced marriages increase rapidly when Muslim families travel abroad. In Berlin, the authorities are mobilizing and are firing off letters to schools.
-2.029745578765869	Skellefteå shrinks by nearly 800 as Northvolt cuts take toll	Skellefteå's population growth trend has abruptly reversed. The city experienced a dramatic drop in population during the last quarter of 2024. Follow...
0.9530776739120483	Hilary Swank shares benefits of parenting in your 50s	The 50-year-old Oscar winner noted that her career is 'already established, so I'm not divided' like younger mothers
-0.8037071228027344	The coming consequences of the US-China trade conflict	Trade data shows that the U.S. and Chinese economies are decoupling from each other, if slowly. However, China's economic strategy is changing overall. This is having an impact across the global economy – and is uniting the Global South.
-0.008227509446442127	Alicia Douvall shares pics from Maldives holiday with secret new lover	The former glamour model, 45, looked nothing short of sensational as she posed in a black bikini and looked out to sea in the pics posted to Instagram on Tuesday.
1.622460126876831	PATRÓN EL ALTO® Introduces New Minis Just in Time for Festival Season - About Drinks	PATRÓN Tequila introduces a new way to experience its most exceptional prestige tequila with the PATRÓN EL ALTO Mini (50ml).
-1.5060474872589111	Employee fury at Northvolt bonuses for 230 staff	Northvolt bonus scheme ignites employee anger, as 400 sign petition.\n–  People don’t understand how the company can claim that 230 individuals are more...
-2.3684017658233643	Salt is worse than tobacco	If we start consuming less salt we can save more lives than if we quit smoking, according to a Danish researcher. Three grams less salt per day per person can save about a thousand Norwegian lives and hundreds of millions of dollars a year.
-1.560394287109375	Why did Muslims become the new enemy in Norway and Europe?	Anti-Muslim views have become more widespread in Europe over the past 30 years, but it is important to distinguish between criticisms of certain forms of Islamic practice and the belief that Muslims are taking over Europe.
-1.215309500694275	MRSA bacteria: The Sneaky and Sometimes Dangerous Tenant in Your Throat	SHARE YOUR SCIENCE: One of the most common bacteria hiding in the human throat can sometimes be a menace to our health. To get rid of it we need a brand-new treatment strategy, and we just might have found the right tools to make that strategy.
-1.0725631713867188	Fast-tracking of delayed migration cases in danger	The Swedish Migration Agency has proposed a "temporary pause" in processing "delay claims" for work permit and citizenship cases, which would prevent...
-1.1402347087860107	Airport theory: The new viral trend that has people missing their flights | CNN	Do you really need to turn up at the airport two or three hours before your flight? A new viral trend sees people test the limits of how late they can arrive at the terminal — a high-stakes gamble with both winners and losers.
-0.36248376965522766	Super-recognizers try to unmask Putin's doppelgangers	Some people have an extraordinary ability to identify faces. The NZZ and researchers from the University of Lausanne presented super-recognizers images of Putin – with astonishing results.
0.9002347588539124	Koepka's wife sends fans wild with racy outfit ahead of the Masters	Koepka, one of the big-name players to have swapped the PGA Tour for LIV Golf, will tee it up at Augusta National this week in the most anticipated tournament on the calendar.
-1.1302918195724487	Why John Oliver is so fixated with defending trans athletes	A transgender fact-checker for Last Week Tonight With John Oliver sent a strongly worded comment request to a feminist organization that defends the rights of women last week - and it's since been laid bare.
0.0008018151856958866	Do we have to choose between freedom and democracy?	Friedrich Hayek's ideas about liberal society are still relevant to the challenges of our time, says reseacher.
0.22506949305534363	Seven things you should know about Sechseläuten	The Zurich guilds are very old, but they only «invented» the spring Sechseläuten festival centuries later.
-2.1027162075042725	Increasingly high housing prices widen the gap in Norwegians' housing quality	People with low income and single parents have the worst housing conditions, according to a new report from Statistics Norway.
-0.29947733879089355	Bonnie Blue locked in new feud with OnlyFans star	Social media star Camilla Araujo has told Bonnie Blue she earns the same amount as her ''without having sex with over 1,000 men.'
0.08595115691423416	Fighting to kill off myths and questionable theories in research	Even scientists with a critical eye can spread falsehoods and myths.
-1.6021242141723633	AJ Odudu, 37, breaks her silence after Mickey Rourke, 72, grabbed her	ITV viewers slammed the Hollywood actor, 72, following his 'creepy behaviour' on the show, after he was seen leering at AJ, 37, within minutes of his arrival.
-1.3443238735198975	Swiss officials focus on possible Hamas funding avenues	What role does Switzerland's financial sector play in financing Hamas terrorism? Officials have thus far received numerous reports of suspicious activity, without publicly confirming any specific cases. But authorities are on high alert.
-0.645920991897583	American musician wants to blow Skellefteå minds	Trästockfestivalen week is upon us. Beginning today and leading up until the festival's kick-off on Friday, we are taking a closer look at some of the...
-0.3445245921611786	Study links pregnant women's diet to autism risk in children	Researchers from Norway and Scotland have identified a possible link between a mother’s diet before and during pregnancy and the likelihood of her child developing autism.
-1.654723048210144	Musk reportedly made several pushes for Trump to back off global tariffs surge	Musk’s unsuccessful attempts may be sign of growing rift between US president and tech billionaire
0.23503591120243073	Locating shipwrecks along the Norwegian coast	Robotic subs are honing in on uncharted sea floor, searching for wrecks.
-1.600972056388855	This optical illusion makes people feel like they're falling into a black hole	80 per cent of participants in a study experienced this phenomenon. Researchers believe that the illusion is a useful misinterpretation.
1.5452969074249268	Keanu Reeves, 60, enjoys PDA-filled lunch with Alexandra Grant	The couple looked head over heels as they enjoyed an idyllic day in the city, which included their lunch stop at Scott's in London's Mayfair.
-0.13458438217639923	Health researchers believe: Chronic fatigue disorders are not incurable.	OPINION: A new study shows that cognitive behavioural therapy (CBT) and other rehabilitation measures are effective for so-called 'Long Covid.' At the same time, studies have shown that neither medical treatment, special diets, nor medical equipment have any effect.
-1.5591957569122314	The White Lotus season three finale review – the show’s least satisfying ending ever	The most interesting character was sidelined, the deaths were riddled with lazy logic and it all felt frustratingly middling. Season four will have some redeeming to do
2.1466598510742188	LISTA: Världens 100 bästa fotbollsspelare - 2015	Den ansedda engelska tidningen The Guardian har återigen rankat världens 100 bästa fotbollsspelare - under 2015. Svensken Zlatan Ibrahimovic placerar sig bland topp tio. - Fotbolltransfers.com
-0.429910272359848	Be careful not to overfeed wild birds	It gives advantages to certain species but can make life – and survival – harder for others, warns an ornithologist.
0.05066922307014465	Barcelona's MSN, Real Madrid's BBC and Europe's top 10 attacking trios of the 21st century - ranked | Goal.com	GOAL ranks European football's greatest attacking trios of the 21st century so far, from Barcelona's magical 'MSN' to Real Madrid's unstoppable 'BBC'
0.3709145784378052	Pollinators' 10 favourite Nordic plants	From spring to fall, pollinators sip nectar from various flowers while carrying pollen from one bloom to another. But which flowers do they prefer?
-2.162046194076538	Overrun by drug gangs, Ecuador is caught in a downward spiral of violence	Ecuador has quickly become one of the most violent countries in South America. A visit to the coastal town of Esmeraldas, near Colombia, reveals a town in thrall to cartels and extortionists.
-0.4076281189918518	Before glass windows, people had windows made from cow stomachs	What did people do to bring daylight into their homes before glass windows became common in the 18th century?
-0.8400747179985046	Why aren't animals as smart as humans?	ASK A RESEARCHER: 'Fire may have made human brains larger,' researcher says.
1.1326382160186768	Green home heat: Historic link between Skellefteå giants now live	The Ecolink district heating collaboration project between Skellefteå Kraft and Boliden Rönnskär is now complete.\nOn Monday, a symbolic inauguration of...
-1.4434577226638794	Are stomach acid-reducing pills dangerous?	Several studies hint that stomach acid-inhibiting drugs are linked to serious illnesses such as cancer and dementia. But what do we actually know for certain?
-2.115835666656494	All Northvolt staff laid off: "Incredibly tough message"	The approximately 5,000 Northvolt employees are now facing redundancy.– It is an incredibly tough message to receive. These have already been difficult...
-1.348984718322754	Was this when Harry and Meghan realised the public was against them?	When it comes to high-profile royal events, the officials at Buckingham Palace are famous for meticulous planning
-0.9759483933448792	A quarter of Norwegian men never father children	Nearly one out of four men in Norway are childless at the age of 45.
-0.6656000018119812	What is happening to the Arctic sea ice in winter?	SHARE YOUR SCIENCE: The loss of summer Arctic sea ice has become the «canary in the coalmine» of climate change. Sea ice is also declining during the dark, cold winter, but more ice was observed this winter than in the previous 10 years. A new PhD thesis helps to understand why.
-1.077984094619751	Why does your mouth taste like blood during intense workouts?	And should you take a break if it happens?
-1.4953558444976807	Baris's struggle to stay in Skellefteå: "I don't have much time"	When Skellefteå municipality opened its crisis centre at The Great Northern on Tuesday, Baris Ozdere was one of nearly 300 visitors.– It’s amazing that...
-0.04482579231262207	Why George Orwell's 1984 is so popular in China	A search for clues leads to a café in Shanghai named after the anti-totalitarian novel,  a place where fiction and reality intersect in an eerie way.
-0.730246901512146	The abortion debate hasn't always been focused on the fetus' right to life	Throughout history, opponents and proponents have used many arguments for and against abortion.
-0.4130670428276062	Lemming years are important for far more than just predators	The number of lemmings varies greatly from year to year. Other species also experience similar fluctuations. Why is this the case, and what happens if lemming years occur less frequently?
-0.635705828666687	Nordic people use gossip to deal with those who violate social norms	If you help yourself to too much food and drink at a Norwegian party, people may gossip about you afterwards. In other countries, the reactions to breaking unwritten rules can be far stronger.
0.3049708604812622	Norran in focus as SVT show investigates Northvolt	Wednesday's Uppdrag Granskning current affairs TV show, "Where are the batteries?", focuses on Northvolt and the feasibility of a completely...
0.03757549449801445	Norway's largest ‘fjord’ is only a few hundred thousand years old	The Norwegian trench is a giant underwater ‘fjord’ formed by an enormous glacier.
-0.9192618131637573	Why aren't we having more children?	Many fear low birth rates, but researchers believe we should think differently.
0.518750786781311	"Don't dumb down kids' books!" award-winning local writer urges	Skellefteå author Nils Lundkvist is basking in the glow of yet another literary honor. "Off to Lund I went and won the Slangbellan for best children's...
0.008289624936878681	"I can handle the cold and the dark, but not the lack of color"	When we talk about international families moving to northern Sweden, we often just focus on the parents and the kids. After all, they’re the main story...
-0.7324953079223633	Oh no, more snow! Winter returns to Skellefteå this week	The last week or so has been sunny with mild temperatures and birds singing – pure spring weather. But now it might be time to get the thick coat out...
1.2824312448501587	Green aviation fuel: Skellefteå's new billion-kronor investment	Today, there's a meeting to discuss the planned sustainable aviation fuel factory in Skelleftehamn. The companies behind the project, which is expected...
-0.8982685208320618	Norwegian study sheds light on how harmful snus is for your gums	One group was more prone to permanent gum damage than others.
-0.2626841366291046	Should Europe build its own social media?	Almost all the social media platforms Europeans use are American. Should Europe have its own social media?
-1.2317256927490234	Sweden Democrats suggest turning Northvolt factory into prison	The far-right Sweden Democrats suggested recently that the former Northvolt battery factory in Skellefteå could be converted into a prison.Jakob Burman...
-1.582932949066162	Study: Migrants in Switzerland dominate low-wage jobs	A new study finds that foreign-born workers in Switzerland are disproportionately found in low-wage professions in which recruitment is difficult. Among teachers and police officers, on the other hand, the number of immigrants is low.
-0.6300995945930481	Why do we actually celebrate Easter?	Christmas is childbirth and joy, while Easter is death on the cross and suffering. Nevertheless, Christmas and Easter are about new opportunities.
-0.612069308757782	The billion-kronor question: What's happening inside Northvolt?	"Why aren't you reporting on the progress of Northvolt's battery production?"\n"Why aren't you visiting the factory?"\nThese are questions Norran readers...
0.36942023038864136	The most important people in the new Trump administration	Donald Trump won't be sworn in as president of the United States until late January, but he is already busy filling important posts in his new government. This includes cabinet-level positions, the heads of important agencies and key White House positions.
-1.0826520919799805	Are we really running out of helium?	ASK A RESEARCHER: “There has been a lot of talk about the world running out of helium,” says professor.
