{"width":300,"height":250,"states":[{"id":"s1","name":"organized","text":"","nodes":[{"id":"n1","size":83,"x":57.5,"y":117.5,"type":"jorunn","visibility":"full"},{"id":"n2","size":65,"x":121.5,"y":196.5,"type":"helge","visibility":"full"},{"id":"n3","size":71,"x":239.5,"y":88.5,"type":"lise","visibility":"full"},{"id":"n24","size":18,"x":88,"y":83,"type":"qualityReview","visibility":"hidden"},{"id":"n26","size":22,"x":156,"y":214,"type":"issue","visibility":"hidden"},{"id":"n4","size":36,"x":150,"y":83,"type":"robot","visibility":"full"},{"id":"n5","size":40,"x":154,"y":132,"type":"calendar","visibility":"full"},{"id":"n6","size":33,"x":211.5,"y":164.5,"type":"meeting","visibility":"full"},{"id":"n7","size":23,"x":184.5,"y":60.5,"type":"legal","visibility":"full"},{"id":"n25","size":25,"x":240.5,"y":44.5,"type":"riskAssessment","visibility":"hidden"}],"edges":[{"a":"n1","b":"n5"},{"a":"n2","b":"n5"},{"a":"n2","b":"n6"},{"a":"n3","b":"n5"},{"a":"n3","b":"n6"},{"a":"n4","b":"n5"},{"a":"n4","b":"n7"},{"a":"n1","b":"n24"},{"a":"n2","b":"n26"},{"a":"n3","b":"n25"}]},{"id":"s2","name":"complience","text":"","nodes":[{"id":"n1","size":80,"x":72,"y":116,"type":"jorunn","visibility":"full"},{"id":"n2","size":50,"x":100,"y":210,"type":"helge","visibility":"full"},{"id":"n3","size":47,"x":239.5,"y":162.5,"type":"lise","visibility":"full"},{"id":"n4","size":48,"x":201,"y":99,"type":"robot","visibility":"full"},{"id":"n5","size":52,"x":162,"y":153,"type":"calendar","visibility":"full"},{"id":"n7","size":55,"x":239.5,"y":41.5,"type":"legal","visibility":"full"},{"id":"n8","size":17,"x":254.5,"y":94.5,"type":"corona","visibility":"hidden"},{"id":"n9","size":23,"x":62.5,"y":194.5,"type":"issue","visibility":"hidden"},{"id":"n6","size":16,"x":174,"y":199,"type":"meeting","visibility":"hidden"}],"edges":[{"a":"n1","b":"n5"},{"a":"n2","b":"n5"},{"a":"n2","b":"n6"},{"a":"n3","b":"n5"},{"a":"n3","b":"n6"},{"a":"n4","b":"n5"},{"a":"n4","b":"n7"},{"a":"n4","b":"n8"},{"a":"n2","b":"n9"}]},{"id":"s3","name":"infectioncontrol","text":"","nodes":[{"id":"n1","size":69,"x":73.5,"y":107.5,"type":"jorunn","visibility":"full"},{"id":"n2","size":45,"x":110.5,"y":211.5,"type":"helge","visibility":"full"},{"id":"n3","size":47,"x":245.5,"y":161.5,"type":"lise","visibility":"full"},{"id":"n4","size":57,"x":176.5,"y":97.5,"type":"robot","visibility":"full"},{"id":"n5","size":39,"x":163.5,"y":161.5,"type":"calendar","visibility":"full"},{"id":"n7","size":22,"x":150,"y":83,"type":"legal","visibility":"hidden"},{"id":"n8","size":70,"x":243,"y":46,"type":"corona","visibility":"full"},{"id":"n9","size":40,"x":53,"y":189,"type":"issue","visibility":"full"},{"id":"n10","size":45,"x":132.5,"y":4.5,"type":"personalDataItem","visibility":"hidden"},{"id":"n12","size":25,"x":105.5,"y":41.5,"type":"computer","visibility":"hidden"},{"id":"n13","size":27,"x":129.5,"y":54.5,"type":"computer","visibility":"hidden"},{"id":"n14","size":22,"x":164,"y":37,"type":"computer","visibility":"hidden"},{"id":"n11","size":23,"x":162.5,"y":-17.5,"type":"cloud","visibility":"hidden"}],"edges":[{"a":"n1","b":"n5"},{"a":"n2","b":"n5"},{"a":"n3","b":"n5"},{"a":"n4","b":"n5"},{"a":"n4","b":"n7"},{"a":"n4","b":"n8"},{"a":"n2","b":"n9"},{"a":"n10","b":"n12"},{"a":"n1","b":"n12"},{"a":"n10","b":"n13"},{"a":"n2","b":"n13"},{"a":"n10","b":"n14"},{"a":"n3","b":"n14"},{"a":"n10","b":"n11"}]},{"id":"s4","name":"privacy","text":"","nodes":[{"id":"n1","size":78,"x":49,"y":112,"type":"jorunn","visibility":"full"},{"id":"n2","size":74,"x":107,"y":202,"type":"helge","visibility":"full"},{"id":"n3","size":64,"x":254,"y":167,"type":"lise","visibility":"full"},{"id":"n4","size":25,"x":204.5,"y":191.5,"type":"robot","visibility":"hidden"},{"id":"n5","size":29,"x":187.5,"y":220.5,"type":"calendar","visibility":"hidden"},{"id":"n8","size":17,"x":172.5,"y":175.5,"type":"corona","visibility":"hidden"},{"id":"n9","size":16,"x":48,"y":196,"type":"issue","visibility":"hidden"},{"id":"n10","size":60,"x":172,"y":82,"type":"personalDataItem","visibility":"full"},{"id":"n12","size":29,"x":117.5,"y":99.5,"type":"computer","visibility":"full"},{"id":"n13","size":30,"x":139,"y":148,"type":"computer","visibility":"full"},{"id":"n14","size":31,"x":212.5,"y":124.5,"type":"computer","visibility":"full"},{"id":"n11","size":62,"x":248,"y":45,"type":"cloud","visibility":"full"}],"edges":[{"a":"n1","b":"n5"},{"a":"n2","b":"n5"},{"a":"n3","b":"n5"},{"a":"n4","b":"n5"},{"a":"n4","b":"n8"},{"a":"n2","b":"n9"},{"a":"n10","b":"n11"},{"a":"n1","b":"n12"},{"a":"n10","b":"n12"},{"a":"n2","b":"n13"},{"a":"n10","b":"n13"},{"a":"n10","b":"n14"},{"a":"n3","b":"n14"}]},{"id":"s5","name":"calendar","text":"","nodes":[{"id":"n1","size":70,"x":52,"y":108,"type":"jorunn","visibility":"full"},{"id":"n2","size":63,"x":102.5,"y":204.5,"type":"helge","visibility":"full"},{"id":"n3","size":61,"x":247.5,"y":82.5,"type":"lise","visibility":"full"},{"id":"n15","size":21,"x":70.5,"y":78.5,"type":"function","visibility":"hidden"},{"id":"n16","size":16,"x":263,"y":69,"type":"function","visibility":"hidden"},{"id":"n17","size":18,"x":128,"y":183,"type":"function","visibility":"hidden"},{"id":"n5","size":80,"x":154,"y":125,"type":"calendar","visibility":"full"},{"id":"n10","size":18,"x":146,"y":20,"type":"personalDataItem","visibility":"hidden"},{"id":"n12","size":19,"x":122.5,"y":35.5,"type":"computer","visibility":"hidden"},{"id":"n13","size":20,"x":136,"y":46,"type":"computer","visibility":"hidden"},{"id":"n14","size":21,"x":165.5,"y":41.5,"type":"computer","visibility":"hidden"},{"id":"n11","size":22,"x":172,"y":-3,"type":"cloud","visibility":"hidden"}],"edges":[{"a":"n1","b":"n5"},{"a":"n2","b":"n5"},{"a":"n3","b":"n5"},{"a":"n10","b":"n11"},{"a":"n1","b":"n12"},{"a":"n10","b":"n12"},{"a":"n2","b":"n13"},{"a":"n10","b":"n13"},{"a":"n10","b":"n14"},{"a":"n3","b":"n14"},{"a":"n1","b":"n15"},{"a":"n3","b":"n16"},{"a":"n2","b":"n17"}]},{"id":"s6","name":"responsibility","text":"","nodes":[{"id":"n1","size":70,"x":70,"y":123,"type":"jorunn","visibility":"full"},{"id":"n2","size":58,"x":102,"y":201,"type":"helge","visibility":"full"},{"id":"n3","size":70,"x":196,"y":108,"type":"lise","visibility":"full"},{"id":"n15","size":40,"x":120,"y":77,"type":"function","visibility":"full"},{"id":"n16","size":40,"x":247,"y":62,"type":"function","visibility":"full"},{"id":"n17","size":31,"x":141.5,"y":155.5,"type":"function","visibility":"full"},{"id":"n18","size":47,"x":311.5,"y":135.5,"type":"bemanning","visibility":"hidden"},{"id":"n5","size":21,"x":137.5,"y":122.5,"type":"calendar","visibility":"hidden"}],"edges":[{"a":"n1","b":"n5"},{"a":"n2","b":"n5"},{"a":"n3","b":"n5"},{"a":"n1","b":"n15"},{"a":"n3","b":"n16"},{"a":"n2","b":"n17"},{"a":"n1","b":"n18"},{"a":"n3","b":"n18"},{"a":"n2","b":"n18"}]},{"id":"s7","name":"staffing","text":"","nodes":[{"id":"n1","size":46,"x":45,"y":77,"type":"jorunn","visibility":"full"},{"id":"n2","size":46,"x":47,"y":194,"type":"helge","visibility":"full"},{"id":"n3","size":46,"x":254,"y":77,"type":"lise","visibility":"full"},{"id":"n18","size":141,"x":148.5,"y":125.5,"type":"bemanning","visibility":"full"},{"id":"n20","size":30,"x":-67,"y":118,"type":"asset","visibility":"hidden"},{"id":"n19","size":30,"x":-66,"y":159,"type":"asset","visibility":"hidden"},{"id":"n23","size":20,"x":-29,"y":118,"type":"task","visibility":"hidden"},{"id":"n22","size":20,"x":-30,"y":159,"type":"task","visibility":"hidden"},{"id":"n15","size":19,"x":49.5,"y":113.5,"type":"function","visibility":"hidden"},{"id":"n16","size":19,"x":272.5,"y":40.5,"type":"function","visibility":"hidden"},{"id":"n17","size":19,"x":90.5,"y":198.5,"type":"function","visibility":"hidden"}],"edges":[{"a":"n1","b":"n15"},{"a":"n3","b":"n16"},{"a":"n2","b":"n17"},{"a":"n1","b":"n18"},{"a":"n3","b":"n18"},{"a":"n2","b":"n18"},{"a":"n1","b":"n20"},{"a":"n19","b":"n20"},{"a":"n20","b":"n23"},{"a":"n2","b":"n23"},{"a":"n19","b":"n22"},{"a":"n2","b":"n22"}]},{"id":"s8","name":"assets","text":"","nodes":[{"id":"n1","size":67,"x":51.5,"y":115.5,"type":"jorunn","visibility":"full"},{"id":"n2","size":63,"x":249.5,"y":141.5,"type":"helge","visibility":"full"},{"id":"n3","size":25,"x":366.5,"y":79.5,"type":"lise","visibility":"hidden"},{"id":"n20","size":50,"x":127,"y":114,"type":"asset","visibility":"full"},{"id":"n19","size":50,"x":127,"y":176,"type":"asset","visibility":"full"},{"id":"n23","size":30,"x":182,"y":114,"type":"task","visibility":"full"},{"id":"n22","size":30,"x":182,"y":175,"type":"task","visibility":"full"},{"id":"n21","size":31,"x":257.5,"y":30.5,"type":"meeting","visibility":"hidden"},{"id":"n18","size":33,"x":346.5,"y":115.5,"type":"bemanning","visibility":"hidden"}],"edges":[{"a":"n1","b":"n18"},{"a":"n3","b":"n18"},{"a":"n2","b":"n18"},{"a":"n19","b":"n20"},{"a":"n19","b":"n22"},{"a":"n20","b":"n23"},{"a":"n1","b":"n20"},{"a":"n2","b":"n23"},{"a":"n2","b":"n22"},{"a":"n1","b":"n21"},{"a":"n3","b":"n21"},{"a":"n2","b":"n21"}]},{"id":"s9","name":"meetings","text":"","nodes":[{"id":"n1","size":58,"x":54,"y":113,"type":"jorunn","visibility":"full"},{"id":"n2","size":56,"x":93,"y":201,"type":"helge","visibility":"full"},{"id":"n3","size":57,"x":246.5,"y":116.5,"type":"lise","visibility":"full"},{"id":"n20","size":26,"x":124,"y":268,"type":"asset","visibility":"hidden"},{"id":"n19","size":26,"x":125,"y":300,"type":"asset","visibility":"hidden"},{"id":"n23","size":19,"x":149.5,"y":266.5,"type":"task","visibility":"hidden"},{"id":"n22","size":18,"x":150,"y":301,"type":"task","visibility":"hidden"},{"id":"n21","size":80,"x":151,"y":125,"type":"meeting","visibility":"full"},{"id":"n24","size":19,"x":85.5,"y":79.5,"type":"qualityReview","visibility":"hidden"},{"id":"n25","size":24,"x":236,"y":73,"type":"riskAssessment","visibility":"hidden"},{"id":"n26","size":19,"x":129.5,"y":185.5,"type":"issue","visibility":"hidden"}],"edges":[{"a":"n19","b":"n20"},{"a":"n19","b":"n22"},{"a":"n20","b":"n23"},{"a":"n1","b":"n20"},{"a":"n2","b":"n23"},{"a":"n2","b":"n22"},{"a":"n1","b":"n21"},{"a":"n3","b":"n21"},{"a":"n2","b":"n21"},{"a":"n1","b":"n24"},{"a":"n3","b":"n25"},{"a":"n2","b":"n26"}]},{"id":"s10","name":"improvement","text":"","nodes":[{"id":"n1","size":41,"x":48.5,"y":107.5,"type":"jorunn","visibility":"full"},{"id":"n2","size":40,"x":107,"y":204,"type":"helge","visibility":"full"},{"id":"n3","size":42,"x":238,"y":136,"type":"lise","visibility":"full"},{"id":"n24","size":61,"x":111.5,"y":121.5,"type":"qualityReview","visibility":"full"},{"id":"n26","size":53,"x":159.5,"y":168.5,"type":"issue","visibility":"full"},{"id":"n25","size":58,"x":180,"y":107,"type":"riskAssessment","visibility":"full"},{"id":"n5","size":40,"x":145,"y":64,"type":"calendar","visibility":"hidden"},{"id":"n6","size":20,"x":207,"y":208,"type":"meeting","visibility":"hidden"},{"id":"n4","size":26,"x":181,"y":37,"type":"robot","visibility":"hidden"},{"id":"n21","size":23,"x":175.5,"y":190.5,"type":"meeting","visibility":"hidden"},{"id":"n7","size":15,"x":206.5,"y":54.5,"type":"legal","visibility":"hidden"}],"edges":[{"a":"n1","b":"n21"},{"a":"n3","b":"n21"},{"a":"n2","b":"n21"},{"a":"n1","b":"n24"},{"a":"n3","b":"n25"},{"a":"n2","b":"n26"},{"a":"n1","b":"n5"},{"a":"n2","b":"n5"},{"a":"n3","b":"n5"},{"a":"n3","b":"n6"},{"a":"n2","b":"n6"},{"a":"n4","b":"n5"},{"a":"n4","b":"n7"}]}]}